"schema_version","occurrence_id","edition_id","source_snapshot_id","queue_class","chapter","section","printed_page_start","printed_page_end","source_locator","printed_label","source_kind","target_class","novelty_class","context_role","evidence_type","resolution_status","transcription_status","transcription_hash_algorithm","transcription_hash","transcribed_by","transcription_date","reconciliation_status","reconciliation_result","notes","crosscheck_url"
"inventory-v1.0.0","OLV10P-O0001","olver_crc_2010_preview","SRC-OLV-2010-PREVIEW","seed","2","1.1","","","Ch. 2 §1.1 eq. (1.01)","","body_definition","source_definition","unclassified","defined function","direct_formula","located_untranscribed","summary_only","","","","","unresolved","2010 preview has not been reconciled to the locked 1997 printing.","Euler-integral definition is visible; continuation and totalization still require full audit.","https://dlmf.nist.gov/5.2"
"inventory-v1.0.0","OLV10P-O0002","olver_crc_2010_preview","SRC-OLV-2010-PREVIEW","seed","2","1.4","","","Ch. 2 §1.4 eq. (1.06)","","body_definition","source_definition","unclassified","entire reciprocal","direct_formula","located_untranscribed","summary_only","","","","","unresolved","2010 preview has not been reconciled to the locked 1997 printing.","The preview discusses the entire reciprocal; exact product notation needs visual transcription.","https://dlmf.nist.gov/5.2"
"inventory-v1.0.0","OLV10P-O0003","olver_crc_2010_preview","SRC-OLV-2010-PREVIEW","seed","2","1.6","","","Ch. 2 §1.6 following eq. (1.10)","","body_definition","source_definition","unclassified","defined function","direct_prose","located_untranscribed","summary_only","","","","","unresolved","2010 preview has not been reconciled to the locked 1997 printing.","Beta is directly named in defining-integral context; exact symbol and parameter order await collation.","https://dlmf.nist.gov/5.12"
"inventory-v1.0.0","OLV10P-O0004","olver_crc_2010_preview","SRC-OLV-2010-PREVIEW","seed","2","2.1","","","Ch. 2 §2.1","","body_definition","source_definition","unclassified","logarithmic derivative of Gamma","direct_prose","located_untranscribed","summary_only","","","","","unresolved","2010 preview has not been reconciled to the locked 1997 printing.","Psi is directly described and Digamma is named as an alias; the printed glyph needs visual collation.","https://dlmf.nist.gov/5.2"
"inventory-v1.0.0","OLV10P-O0005","olver_crc_2010_preview","SRC-OLV-2010-PREVIEW","seed","2","2.1","","","Ch. 2 §2.1","","body_definition","source_definition","unclassified","named derivative of Psi","direct_prose","located_untranscribed","summary_only","","","","","unresolved","2010 preview has not been reconciled to the locked 1997 printing.","Trigamma is directly named; derivative variable and exact glyph await collation.","https://dlmf.nist.gov/5.15"
"inventory-v1.0.0","OLV10P-O0006","olver_crc_2010_preview","SRC-OLV-2010-PREVIEW","seed","2","2.1","","","Ch. 2 §2.1","","body_definition","source_definition","unclassified","named derivative of Psi","direct_prose","located_untranscribed","summary_only","","","","","unresolved","2010 preview has not been reconciled to the locked 1997 printing.","Tetragamma is directly named; derivative variable and exact glyph await collation.","https://dlmf.nist.gov/5.15"
"inventory-v1.0.0","OLV10P-O0007","olver_crc_2010_preview","SRC-OLV-2010-PREVIEW","seed","2","3.1","","","Ch. 2 §3.1","","body_definition","source_definition","unclassified","defined function","direct_prose","located_untranscribed","summary_only","","","","","unresolved","2010 preview has not been reconciled to the locked 1997 printing.","A definition and negative-real-axis principal-branch cut are visible; the OCR symbol is unsafe.","https://dlmf.nist.gov/6.2"
"inventory-v1.0.0","OLV10P-O0008","olver_crc_2010_preview","SRC-OLV-2010-PREVIEW","seed","2","3","","","Ch. 2 §3","Exponential, Logarithmic, Sine, and Cosine Integrals","toc_heading","inventory_lead","unclassified","family discovery","toc_only","occurrence_unresolved","locator_only","","","","","unresolved","Body occurrence and locked-edition page mapping have not been checked.","Split into exact body occurrences and entities during the Chapter 2 scan.","https://dlmf.nist.gov/6.2"
"inventory-v1.0.0","OLV10P-O0009","olver_crc_2010_preview","SRC-OLV-2010-PREVIEW","seed","2","4","","","Ch. 2 §4","Error Functions, Dawson's Integral, and Fresnel Integrals","toc_heading","inventory_lead","unclassified","family discovery","toc_only","occurrence_unresolved","locator_only","","","","","unresolved","Body occurrence and locked-edition page mapping have not been checked.","Exact variants and scale factors are unresolved.","https://dlmf.nist.gov/7.2"
"inventory-v1.0.0","OLV10P-O0010","olver_crc_2010_preview","SRC-OLV-2010-PREVIEW","seed","2;4","5; heading","","","Ch. 2 §5; Ch. 4 heading","Incomplete Gamma Functions","toc_heading","inventory_lead","unclassified","family discovery","toc_only","occurrence_unresolved","locator_only","","","","","unresolved","Body occurrences and locked-edition page mapping have not been checked.","Upper/lower and regularized variants must be split from body occurrences.","https://dlmf.nist.gov/8.2"
"inventory-v1.0.0","OLV10P-O0011","olver_crc_2010_preview","SRC-OLV-2010-PREVIEW","seed","2","6-7","","","Ch. 2 §§6-7","Orthogonal Polynomials; The Classical Orthogonal Polynomials","toc_heading","inventory_lead","unclassified","family discovery","toc_only","occurrence_unresolved","locator_only","","","","","unresolved","Body occurrences and locked-edition page mapping have not been checked.","Enumerate only the named polynomial families used in the body.","https://dlmf.nist.gov/18.1"
"inventory-v1.0.0","OLV10P-O0012","olver_crc_2010_preview","SRC-OLV-2010-PREVIEW","seed","2;4","8; heading","","","Ch. 2 §8; Ch. 4 heading","Airy Integral","toc_heading","inventory_lead","unclassified","family discovery and contour model","toc_only","occurrence_unresolved","locator_only","","","","","unresolved","Body occurrences and locked-edition page mapping have not been checked.","Resolve integral notation versus later Ai/Bi constructions.","https://dlmf.nist.gov/9.2"
"inventory-v1.0.0","OLV10P-O0013","olver_crc_2010_preview","SRC-OLV-2010-PREVIEW","seed","2","9","","","Ch. 2 §9","The Bessel Function J_nu(z)","toc_heading","inventory_lead","unclassified","family discovery","toc_only","occurrence_unresolved","locator_only","","","","","unresolved","Body occurrence and locked-edition page mapping have not been checked.","TOC-only lead: definition, branch, exceptional orders, and exact glyph are unresolved.","https://dlmf.nist.gov/10.2"
"inventory-v1.0.0","OLV10P-O0014","olver_crc_2010_preview","SRC-OLV-2010-PREVIEW","seed","2","10","","","Ch. 2 §10","The Modified Bessel Function I_nu(z)","toc_heading","inventory_lead","unclassified","family discovery","toc_only","occurrence_unresolved","locator_only","","","","","unresolved","Body occurrence and locked-edition page mapping have not been checked.","TOC-only lead: definition, branch, exceptional orders, and exact glyph are unresolved.","https://dlmf.nist.gov/10.25"
"inventory-v1.0.0","OLV10P-O0015","olver_crc_2010_preview","SRC-OLV-2010-PREVIEW","seed","2","11","","","Ch. 2 §11","The Zeta Function","toc_heading","inventory_lead","unclassified","family discovery","toc_only","occurrence_unresolved","locator_only","","","","","unresolved","Body occurrence and locked-edition page mapping have not been checked.","Confirm notation and Riemann-zeta identity.","https://dlmf.nist.gov/25.2"
"inventory-v1.0.0","OLV10P-O0016","olver_crc_2010_preview","SRC-OLV-2010-PREVIEW","later_family","5","contents","","","Ch. 5 contents","Hypergeometric and Legendre Functions","toc_heading","inventory_lead","unclassified","family discovery","toc_only","occurrence_unresolved","locator_only","","","","","unresolved","Body occurrences and locked-edition page mapping have not been checked.","Split ordinary/regularized hypergeometric and Legendre/Ferrers entities.","https://dlmf.nist.gov/15.1"
"inventory-v1.0.0","OLV10P-O0017","olver_crc_2010_preview","SRC-OLV-2010-PREVIEW","later_family","6","6","","","Ch. 6 §6","Parabolic Cylinder Functions of Large Order","toc_heading","inventory_lead","unclassified","application family discovery","toc_only","occurrence_unresolved","locator_only","","","","","unresolved","Body occurrence and locked-edition page mapping have not been checked.","Resolve U/V/D parameterizations and exact source symbols.","https://dlmf.nist.gov/12.1"
"inventory-v1.0.0","OLV10P-O0018","olver_crc_2010_preview","SRC-OLV-2010-PREVIEW","later_family","7","contents","","","Ch. 7 contents","Bessel and Confluent Hypergeometric Functions","toc_heading","inventory_lead","unclassified","family discovery","toc_only","occurrence_unresolved","locator_only","","","","","unresolved","Body occurrences and locked-edition page mapping have not been checked.","Split Hankel, Bessel Y, cylinder, modified Bessel, confluent hypergeometric, Whittaker, and Struve uses.","https://dlmf.nist.gov/13.1"
"inventory-v1.0.0","OLV10P-O0019","olver_crc_2010_preview","SRC-OLV-2010-PREVIEW","later_family","8","1","","","Ch. 8 §1","Bernoulli's Polynomials","toc_heading","inventory_lead","unclassified","summation coefficient family","toc_only","occurrence_unresolved","locator_only","","","","","unresolved","Body occurrence and locked-edition page mapping have not been checked.","Check whether Bernoulli numbers are separately named and record the B_1 convention.","https://dlmf.nist.gov/24.2"
"inventory-v1.0.0","OLV10P-O0020","olver_crc_2010_preview","SRC-OLV-2010-PREVIEW","later_family","9","contents","","","Ch. 9 contents","Anger Functions of Large Order","toc_heading","inventory_lead","unclassified","application family discovery","toc_only","occurrence_unresolved","locator_only","","","","","unresolved","Body occurrence and locked-edition page mapping have not been checked.","Check Anger/Weber/associated-function split and source-specific normalization.","https://dlmf.nist.gov/11.11"
"inventory-v1.0.0","OLV10P-O0021","olver_crc_2010_preview","SRC-OLV-2010-PREVIEW","cross_cutting","11","1-2;8","","","Ch. 11 §§1-2 and §8","Airy Functions; Auxiliary Functions","toc_heading","inventory_lead","unclassified","turning-point comparison system","toc_only","occurrence_unresolved","locator_only","","","","","unresolved","Body occurrences and locked-edition page mapping have not been checked.","Enumerate derivatives and every modulus/phase/envelope auxiliary.","https://dlmf.nist.gov/9.8"
"inventory-v1.0.0","OLV10P-O0022","olver_crc_2010_preview","SRC-OLV-2010-PREVIEW","cross_cutting","12","1-2;8","","","Ch. 12 §§1-2 and §8","Bessel and Modified Bessel Functions; Auxiliary Functions","toc_heading","inventory_lead","unclassified","simple-pole comparison system","toc_only","occurrence_unresolved","locator_only","","","","","unresolved","Body occurrences and locked-edition page mapping have not been checked.","Resolve comparison basis and every real/complex auxiliary notation.","https://dlmf.nist.gov/2.8"
"inventory-v1.0.0","OLV10P-O0023","olver_crc_2010_preview","SRC-OLV-2010-PREVIEW","later_family","14","3-5","","","Ch. 14 §§3-5","Exponential Integral; Confluent Hypergeometric Function","toc_heading","inventory_lead","unclassified","revisited remainder models","toc_only","occurrence_unresolved","locator_only","","","","","unresolved","Body occurrences and locked-edition page mapping have not been checked.","Reconcile with earlier entities; record only new notations or normalizations.","https://dlmf.nist.gov/13.2"
"inventory-v1.0.0","OLV97-C03-WATSON","olver_1997b","SRC-OLV-1997-USER-PDF-20260905","source_theorem","3","3.2","71","72","Ch. 3 §3.2, Theorem 3.1, equations (3.02)-(3.08)","Theorem 3.1","source_theorem","source_theorem","source_recovery","first locked-manifest source theorem","direct_formula","transcribed_unreconciled","mathematical_transcription","sha256","94ea9bf00b291e82a315522fee099d0889d60967f0de0b815f92a1e1ce8b5b6b","codex-root-source-collator","2026-09-06","unresolved","Direct first collation completed from the exact 1997 PDF; independent source/semantics review remains required before resolution.","Copyright-safe mathematical transcription is in blueprint/source_transcriptions/OLV97-C03-WATSON.md. Exact-source checks support complex scalars and ordinary split source convergence; the proposed Lean adapter uses Mathlib intervalIntegral on regular finite pieces and remains pending review.","https://dlmf.nist.gov/2.3.ii"
"inventory-v1.0.0","OLV97-C03-WATSON-BOUNDS","olver_1997b","SRC-OLV-1997-USER-PDF-20260905","source_theorem","3","9.1-9.2","89","90","Ch. 3 §§9.1-9.2, equations (9.01)-(9.05)","Error bounds for Watson's lemma","displayed_formula","source_formula","source_recovery","global-majorant quantitative companion","direct_formula","transcribed_unreconciled","mathematical_transcription","sha256","2508caf9f580cd2754694151a0771f4280f0634610c5b121563d4b52eb92c96d","codex-root-source-collator","2026-09-06","unresolved","Direct first collation completed from the exact 1997 PDF; independent source/semantics review remains required before resolution.","This is a distinct stronger-hypothesis source formula, now with source-supported complex scalar context, and is not currently selected into OLV-MVP-1.",""
"inventory-v1.0.0","OLV97-C02-AIRY-AI","olver_1997b","SRC-OLV-1997-USER-PDF-20260905","later_family","2","8.1-8.3","53","55","Ch. 2 §§8.1-8.3, equations (8.01)-(8.06)","The Airy Integral","body_definition","source_definition","source_recovery","Airy Ai real-integral baseline, entire contour continuation, normalization, ODE, and rotations","direct_formula","transcribed_unreconciled","mathematical_transcription","sha256","f8b2872cb860724ace164f21b036c6ff1c80baf8755c8f77426a68942cefd0e0","codex-source-inventory-integrator","2026-09-05","unresolved","Formula-level first collation from the locked 1997 snapshot; independent source, contour-semantics, and normalization review remains required.","Copyright-safe mathematical transcription is in blueprint/source_transcriptions/OLV97-C02-AIRY-AI.md. No card or manifest membership is registered.","https://dlmf.nist.gov/9.2"
"inventory-v1.0.0","OLV97-C11-AIRY-REAL","olver_1997b","SRC-OLV-1997-USER-PDF-20260905","later_family","11","1.1-1.4","392","394","Ch. 11 §§1.1-1.4, equations (1.01)-(1.19)","Airy Functions of Real Argument","body_definition","source_definition","source_recovery","real Ai/Bi basis, Bessel representations, asymptotic coefficient system, and Wronskian","direct_formula","transcribed_unreconciled","mathematical_transcription","sha256","6a174defe83d434ea522d1a11a1c4dcb0ec77e24b9a348f7f7b4f0cd598cfaba","codex-source-inventory-integrator","2026-09-05","unresolved","Formula-level first collation from the locked 1997 snapshot; independent source and normalization review remains required.","The shared transcription is blueprint/source_transcriptions/OLV97-C11-AIRY-REAL-AUX.md. Its two occurrence ranges share one file digest and remain separately unresolved.","https://dlmf.nist.gov/9.2"
"inventory-v1.0.0","OLV97-C11-AIRY-AUX","olver_1997b","SRC-OLV-1997-USER-PDF-20260905","later_family","11","2.1-2.4","394","397","Ch. 11 §§2.1-2.4, equations (2.01)-(2.15)","Auxiliary Functions for Real Variables","body_definition","source_definition","source_recovery","real Airy weight, value and derivative modulus/phase systems, and global constants","direct_formula","transcribed_unreconciled","mathematical_transcription","sha256","6a174defe83d434ea522d1a11a1c4dcb0ec77e24b9a348f7f7b4f0cd598cfaba","codex-source-inventory-integrator","2026-09-05","unresolved","Formula-level first collation from the locked 1997 snapshot; independent source, phase-branch, and normalization review remains required.","The shared transcription is blueprint/source_transcriptions/OLV97-C11-AIRY-REAL-AUX.md. Numerical values are not treated as exact definitions.","https://dlmf.nist.gov/9.8"
"inventory-v1.0.0","OLV97-C08-EULER-MACLAURIN","olver_1997b","SRC-OLV-1997-USER-PDF-20260905","later_family","8","1","279","284","Ch. 8 §1, unnumbered setup and equations (1.01)-(1.13)","The Euler-Maclaurin Formula and Bernoulli's Polynomials","body_definition","source_definition","source_recovery","periodic primitives, Bernoulli objects, finite Euler-Maclaurin identity, and positive-even zeta formula","direct_formula","transcribed_unreconciled","mathematical_transcription","sha256","f0d1113204c984096f04af658037aed6ddb9012fbcca5fb6dfdfb84c4bdadb99","codex-source-inventory-integrator","2026-09-06","unresolved","Formula-level first collation from the locked 1997 snapshot; independent source, smoothness-interface, and normalization review remains required.","Copyright-safe mathematical transcription is in blueprint/source_transcriptions/OLV97-C08-EULER-MACLAURIN.md. The source derivative range s>=1 is now explicit; the occurrence supplies no remainder inequality and is not in a manifest.","https://dlmf.nist.gov/24.2"
